Museum,MuseumCat#,Subspecies,Locality,lat,long,type,Sex,CPL,CIL,UTL,MTL,PPL,MB,LB,LIB,ZB,BB,LPL,CNL,PBPL,LTPL,LCH,MCH,MCW,MCIL,LTL
BMNH,47.1494,T. t. banguei,Offshore Islands,7.257805556,117.15325,type,m,50.7,49.88,29.62,20.01,32.23,17.79,19.73,14.63,26.08,19.67,55.03,49.36,39.89,28.42,12.67,8.26,3.52,40.7,27.5
FMNH,140934,T. t. banguei,Offshore Islands,7.1175,117.0761111,,m,49.85,48.72,28.41,18.88,31.29,17.85,18.89,14.29,26.04,19.03,53.82,49.13,38.1,27.28,12.99,9.32,3.37,40.32,26.67
FMNH,141344,T. t. banguei,Offshore Islands,7.283305556,117.0999722,,f,51.14,49.68,28.63,19.73,32.05,17.25,18.9,13.92,24.09,19.39,54.67,49.73,39.29,28.16,12.71,8.95,3.17,40.57,27
FMNH,141346,T. t. banguei,Offshore Islands,7.283305556,117.0999722,,f,,,29.22,19.56,32.72,,18.51,14.74,24.96,,,,39.82,28.51,,9.18,3.33,41,27.73
USNM,142247,T. t. besara,Mainland Borneo,-0.190444444,109.9185833,type,m,59.8,57.91,34.51,23.15,38.29,20.3,22.42,16.55,29.18,20.9,64.72,58.07,47.16,34.57,15.22,10.82,3.87,47.52,32.1
AMNH,106884,T. t. besara,Mainland Borneo,0.883333333,110.1666667,,f,54.89,53.5,32.15,20.57,34.77,19.08,19.24,14.6,25.28,20.12,59.88,53.43,42.82,31.64,13.57,9.65,3.67,45.01,30.91
AMNH,106993,T. t. besara,Mainland Borneo,0.883333333,110.1666667,,f,57.31,56.33,33.4,20.7,36.37,19.52,20.08,15.12,27.14,20.32,61.15,57.65,44.83,31.95,14.19,10.01,4.03,46.59,31.62
USNM,101640,T. t. bunoae,Offshore Islands,0.933055556,107.4710556,type,f,53.41,52.09,30.13,19.95,33.1,18.32,19.68,15.21,25.64,19.71,57.6,51.94,41.72,30.17,13.31,9.88,3.74,42.75,28.45
USNM,101641,T. t. bunoae,Offshore Islands,0.933333333,107.45,,m,53.1,52.25,30.19,19.93,32.44,18.48,19.91,15.23,26.29,19.84,57.16,51.32,40.93,29.76,13.62,9.39,3.73,42.36,28.48
USNM,101653,T. t. bunoae,Offshore Islands,0.966666667,107.5666667,,f,,,29.69,19.71,32.42,,19.59,15.24,,,55.87,,40.77,29.52,,8.66,3.09,42.21,27.88
USNM,101654,T. t. bunoae,Offshore Islands,0.966666667,107.5666667,,m,51.05,,,18.16,32.04,17.55,20.43,15.71,24.96,19.46,55.87,50.25,40.3,29.09,13.71,8.86,3.23,40.57,26.21
USNM,121754,T. t. cervicalis,Offshore Islands,-0.409555556,98.44105556,type,m,54.38,52.64,31,21.55,34.16,17.29,19.86,14.44,24.77,19.77,58.52,51.91,42.32,30.85,14.42,9.4,3.3,43.3,29.35
USNM,121753,T. t. cervicalis,Offshore Islands,-0.416666667,98.41666667,,f,54.25,,,,34.12,18.69,19.56,14.5,25,20.12,58.47,52.14,42,30,14.22,8.61,3.24,42.71,29.06
BMNH,76.5219,T. t. chrysura,Mainland Borneo,5.035638889,115.6014722,type,m,,,32.78,22.02,36.46,,20.55,16.38,28.96,,,,45.5,33.22,,10.41,4.05,46.74,30.36
BMNH,93.412,T. t. chrysura,Mainland Borneo,5.466666667,115.3833333,,sex unknown,55.69,54.56,31.86,20.69,35.03,18.84,21.5,16.1,,20.11,,54.62,43.48,31.22,,9.76,3.88,44.96,29.91
FMNH,88368,T. t. kelabit,Mainland Borneo,3.71875,115.4438611,,,,,29.79,19.21,34.23,18.49,20.6,16.02,26.44,20.21,58.9,,43.35,31.55,,9.08,3.43,43.2,28.01
FMNH,68794,T. t. kretami,Mainland Borneo,5.481638889,118.5931944,type,m,54.85,53.61,31.3,21.26,34.28,19.44,20.44,16.07,26.87,20.7,59.46,54.04,42.4,30.6,14.56,9.72,3.53,43.48,29.3
FMNH,85073,T. t. kretami,Mainland Borneo,5.351944444,117.40875,,f,57.94,56.67,32.75,22.06,,,,,,,62,56.62,,,14.98,10.53,3.48,,
FMNH,85072,T. t. kretami,Mainland Borneo,5.351944444,117.40875,,f,55.32,53.76,30.79,20.16,34.91,18.63,20.07,15.29,26.03,20.34,59.5,54.72,43.28,31.81,13.76,9.43,3.26,44.29,29.09
FMNH,85071,T. t. kretami,Mainland Borneo,5.351944444,117.40875,,f,53.92,52.56,31.3,21,34.12,18.94,19.71,14.9,25.93,20.82,58.84,52.04,42.26,30.09,14.39,9.28,3.6,43.66,29.62
FMNH,68791,T. t. kretami,Mainland Borneo,5.459472222,118.1758611,,f,54.07,52.74,30.9,20.41,33.86,19.84,20.28,16.02,,20.58,57.5,52.05,41.55,29.84,13.57,9.5,3.95,43.37,28.53
FMNH,68797,T. t. kretami,Mainland Borneo,5.581222222,118.0183889,,f,54.5,52.75,30.82,20.16,34.46,19.29,19.63,15.69,26.01,20.18,59.76,53.32,42.51,31.04,13.58,9.32,3.61,43.75,29.01
FMNH,68796,T. t. kretami,Mainland Borneo,5.459472222,118.1758611,,m,53.48,51.86,29.76,19.09,32.95,20.12,20.17,15.31,27.37,21.6,57.61,52.35,41.5,29.41,13.45,8.65,3.33,42.43,27.96
FMNH,68798,T. t. kretami,Mainland Borneo,5.459472222,118.1758611,,m,55.89,54.98,32.31,21.11,34.96,19.57,20.21,16.11,27.69,20.76,60.85,54.82,43.59,31.58,14.17,10.24,3.73,45.06,30.48
FMNH,68793,T. t. kretami,Mainland Borneo,5.459472222,118.1758611,,m,55.34,54.26,31.53,20.92,34.45,19.82,20.8,15.68,27.6,21.02,59.47,54.4,41.94,30.45,13.75,9.56,3.58,44.07,29.57
FMNH,68795,T. t. kretami,Mainland Borneo,5.459472222,118.1758611,,m,53.45,52.17,30.23,19.69,33.04,,,15.37,26.29,20.18,57.9,,41.91,30.2,12.77,9.54,3.68,42.86,28.67
FMNH,68788,T. t. kretami,Mainland Borneo,5.459472222,118.1758611,,m,54.3,52.92,31.35,20.9,34.04,18.66,20.22,15.59,26.96,19.91,57.95,52.79,42.07,30.48,12.74,9.31,3.74,,
FMNH,68789,T. t. kretami,Mainland Borneo,5.459472222,118.1758611,,m,53.78,52.25,29.79,19.92,33.98,18.78,20.99,16.04,27.62,20.25,58.18,52.68,41.95,30.23,14.03,10,3.51,43.19,27.52
FMNH,68790,T. t. kretami,Mainland Borneo,5.459472222,118.1758611,,m,54.11,52.95,31.67,21.3,34.23,18.93,19.89,,,21,58.02,53.21,42.63,30.5,13.5,9.6,3.91,,29.85
USNM,101597,T. t. lingae,Offshore Islands,-0.168277778,104.6343333,type,m,50.28,48.93,28.84,,32.01,17.26,19.06,14.14,24.88,19.39,54.42,49.82,40.07,28.59,13.45,7.76,3.3,40.2,26.84
USNM,121835,T. t. masae,Offshore Islands,-0.110166667,98.42047222,type,f,54.14,52.44,30.33,20.58,33.86,17.85,,14.76,25.48,19.1,58.58,52.29,42.56,,13.81,9.18,3.09,43.34,28.96
BMNH,7.6186,T. t. masae,Offshore Islands,-0.110166667,98.42047222,,f,54.56,53.09,34.2,,34.23,18.64,20.19,15.2,26.21,20.45,59.02,52.88,42.42,30.97,14.08,7.72,3.27,43.72,29
FMNH,80087,T. t. nitida,Mainland Borneo,1.526888889,110.3131111,,f,60.29,,,22.21,38.98,19.8,21.49,15.75,28.24,21.14,63.83,58.69,46.88,34.88,13.83,10.34,4.23,,
FMNH,80093,T. t. nitida,Mainland Borneo,1.527888889,110.3411111,,f,60.72,58.25,34,,38.53,20.19,20.94,15.87,27.78,21.16,65.09,58.62,46.89,34.31,15.06,11.18,4.06,47.59,32.4
FMNH,80092,T. t. nitida,Mainland Borneo,1.526888889,110.3131111,,f,55.63,,,,35.67,18.85,,15.14,26.93,19.93,60.69,53.98,44.03,31.75,14.03,9.42,3.71,,
FMNH,80091,T. t. nitida,Mainland Borneo,1.535611111,110.3284167,,f,58.8,57.21,33.2,21.58,37.4,20,20.66,15.77,27.84,21.32,63.29,57.07,45.47,33.63,14.76,10.41,3.93,,
FMNH,80086,T. t. nitida,Mainland Borneo,1.527888889,110.3411111,,m,57.88,,,,36.34,18.32,20.63,14.71,27.43,21.49,63.25,56.47,45.67,33.29,14.05,10.03,3.58,,
FMNH,80090,T. t. nitida,Mainland Borneo,1.535611111,110.3284167,,m,59.64,,,,38.06,19.52,21.91,16.55,27.58,20.66,65.37,58.47,46.78,34.51,14.5,9.77,3.47,,
BMNH,55.692,T. t. nitida,Mainland Borneo,1.766666667,110.8166667,,m,56.45,54.65,32.23,21.31,36.09,18.62,19.83,15.2,25.79,,61.28,55.2,44.17,32.06,13.93,10.4,3.5,,29.74
BMNH,55.693,T. t. nitida,Mainland Borneo,1.766666667,110.8166667,,m,,,,21.8,,,22.01,16.64,29.46,21.88,61.53,,,,,10.85,4.01,,
BMNH,55.694,T. t. nitida,Mainland Borneo,1.766666667,110.8166667,,m,57.01,54.86,32.45,21.83,36.4,19,20.94,15.82,27.7,20.87,62.03,55.07,44.87,32.73,14.37,10.42,3.87,,
BMNH,55.691,T. t. nitida,Mainland Borneo,1.9,111.9,,m,53.99,52.47,30.95,20.42,34.38,17.76,,13.24,,19.89,58.38,52.07,,30.74,13.48,8.34,2.82,43.3,28.97
BMNH,93.411,T. t. paitana,Mainland Borneo,6.408611111,117.4052222,type,,,,33.06,21.72,35.56,,21.13,16.01,,,57.12,,44.62,32.69,,,,,30.8
FMNH,76812,T. t. paitana,Mainland Borneo,5.581222222,118.0183889,,f,56.18,54.68,31.82,20.26,35.45,19.93,20.01,15.3,27.61,20.86,60.4,54.18,44.07,31.68,14.18,9.34,3.61,45.72,30.15
FMNH,76892,T. t. paitana,Mainland Borneo,5.581222222,118.0183889,,f,54.04,52.75,31.32,19.87,34.21,18.62,19.63,14.35,26.83,20.17,58.38,53.29,42.8,30.35,13.84,9.55,3.47,43.66,29.55
FMNH,68799,T. t. paitana,Mainland Borneo,5.581222222,118.0183889,,f,55.61,54.31,31.97,21.7,35.14,18.6,20.56,15.38,27.36,20.27,60.6,53.26,43.73,31.45,14.58,9.58,3.72,44.5,29.03
FMNH,76803,T. t. paitana,Mainland Borneo,5.581222222,118.0183889,,f,57.05,55.23,32.4,21.79,36.17,,18.8,14.71,,20.42,60.81,55.51,43.32,31.41,14.04,9.85,3.64,45.01,30.37
FMNH,76807,T. t. paitana,Mainland Borneo,5.581222222,118.0183889,,f,55.89,54.32,31.9,20.83,34.8,18.05,19.32,15.04,26.1,20.93,59.5,53.8,43.22,31.14,14.05,8.96,3.45,44.17,29.85
FMNH,76808,T. t. paitana,Mainland Borneo,5.581222222,118.0183889,,f,57.82,56.37,33.16,21.9,36.73,19.86,21.06,15.78,27.9,21.53,62.23,55.68,45.38,33.07,14.35,9.87,3.72,46.67,31.52
FMNH,76809,T. t. paitana,Mainland Borneo,5.581222222,118.0183889,,f,55.38,53.9,31.26,20.96,34.65,18.32,20.89,15.39,27.29,20.28,58.74,54.03,43.22,31.36,14.65,10.04,3.72,43.85,29.36
FMNH,76813,T. t. paitana,Mainland Borneo,5.581222222,118.0183889,,f,59.29,57.3,33.43,22.87,37.88,19.92,20.12,16.05,26.94,20.08,62.97,57.47,46.13,33.93,13.77,9.84,4.19,47.58,31.68
FMNH,76810,T. t. paitana,Mainland Borneo,5.581222222,118.0183889,,f,56.86,55.54,32.02,22.03,35.45,19.09,20.61,14.65,27.98,20.66,60.72,55.54,44.36,32.36,14.55,10.09,3.61,45.39,29.76
FMNH,76811,T. t. paitana,Mainland Borneo,5.581222222,118.0183889,,f,58.69,57.05,33.59,21.87,36.69,19.37,19.95,14.78,27.75,21.31,63.29,57.25,45.37,32.94,14.88,9.28,3.6,46.96,31.27
FMNH,76801,T. t. paitana,Mainland Borneo,5.581222222,118.0183889,,m,56.95,55.7,32.43,21.27,35.97,18.16,20.98,15.79,27.7,20.14,61.73,55.56,45.4,32.46,13.79,9.28,3.65,43.86,29.81
FMNH,76802,T. t. paitana,Mainland Borneo,5.581222222,118.0183889,,m,55.7,54.36,31.6,20.39,34.84,18.78,21.13,15.71,27.56,19.95,59.89,55.21,43.37,31.24,13.78,9.51,4,44.78,29.32
FMNH,76805,T. t. paitana,Mainland Borneo,5.581222222,118.0183889,,m,57.6,56.42,33.7,22.27,36.72,18.89,21.09,14.87,28,20.73,61.75,55.47,45.35,33,14.37,10.23,3.8,46.59,31.79
FMNH,33031,T. t. paitana,Mainland Borneo,5.807388889,117.7876389,,m,56.84,55.55,32.56,22.15,35.33,19.74,19.18,15.35,26.7,21.41,60.73,55,44.37,31.59,14.33,9.9,3.82,45.17,30.54
FMNH,33032,T. t. paitana,Mainland Borneo,5.807388889,117.7876389,,m,59.21,57.63,32.85,21.05,37.04,19.09,20.59,15.02,26,20.48,63.31,57.72,46.28,34.34,14.05,9.19,3,47.81,30.62
FMNH,33033,T. t. paitana,Mainland Borneo,5.807388889,117.7876389,,m,57.14,55.75,33.33,22.91,36.33,,21.1,,,,60.48,56.63,44.95,32.67,14.04,9.76,3.94,45.22,31.18
USNM,300911,T. t. paitana,Mainland Borneo,5.966666667,116.6833333,,f,55.34,53.86,32.03,21.28,34.95,18.65,20.84,15.06,26.95,20.06,59.23,53.71,43.03,31.12,14.07,9.29,3.99,44.28,29.96
USNM,317184,T. t. paitana,Mainland Borneo,5.966666667,116.6833333,,m,56.16,54.57,31.13,19.96,34.86,19.69,21.08,15.97,28.01,20.24,,56.25,43.83,31.84,,8.91,3.83,44.84,29.18
USNM,396660,T. t. paitana,Mainland Borneo,5.319944444,116.9516667,,m,57.69,56.27,33.69,21.62,37.04,18.76,21.11,15.05,27.07,,,,45.4,33.27,,9.23,3.97,46.81,31.34
USNM,396661,T. t. paitana,Mainland Borneo,5.319944444,116.9516667,,m,,,33,21.31,36.12,,22.05,15.33,27.55,20.04,61.37,,44.83,33.02,,10.46,3.78,46.83,31.06
USNM,396663,T. t. paitana,Mainland Borneo,5.319944444,116.9516667,,m,60.1,58.42,34.01,21.88,37.72,19.73,20.99,16.49,28.34,20.19,64.45,58.63,46.9,34.41,15.47,10.33,4.15,48.43,31.85
USNM,396671,T. t. paitana,Mainland Borneo,5.319944444,116.9516667,,f,56.47,55.12,32.49,21.48,35.96,18.53,19.96,14.31,26.62,20.54,59.79,55.41,44.17,32.19,13.88,9.51,3.57,45.75,31.06
USNM,449965,T. t. paitana,Mainland Borneo,6.083333333,116.7166667,,f,54.56,53.08,31.16,20.04,34.42,17.96,21.03,15.49,27.73,20.06,58.58,53.67,42.67,30.91,13.9,9.33,3.64,43.73,29.61
USNM,449966,T. t. paitana,Mainland Borneo,6.083333333,116.7166667,,f,51.72,50.3,29.35,19.51,32.59,17.88,20.3,14.77,26.73,19.68,56.53,51.38,40.75,28.83,13.03,10.04,4.16,42.16,27.61
USNM,449968,T. t. paitana,Mainland Borneo,6.083333333,116.7166667,,f,53.94,52.23,30.55,20.31,34.27,18.98,21,15.81,27.19,19.25,58.96,52,42.66,30.65,14.75,10.31,4,43.7,28.75
USNM,449969,T. t. paitana,Mainland Borneo,6.083333333,116.7166667,,m,55.04,53.85,31.39,20.72,34.44,19.56,21.46,15.8,28.19,20.36,59.09,53.88,43.3,31.23,13.83,9.55,4.02,44.82,29.45
USNM,488024,T. t. paitana,Mainland Borneo,6,116.6833333,,m,55.56,53.51,31.19,21.26,35.25,19.37,21.15,15.76,28.09,20.6,59.86,54.37,43.37,31.4,14.14,10.84,3.68,43.83,29.02
USNM,488025,T. t. paitana,Mainland Borneo,6,116.6833333,,f,52.4,50.8,29.74,19.77,33.01,17.85,19.41,14.01,26.54,19.83,55.59,51.18,41.16,29.43,13.48,9.11,3.55,41.89,28.04
USNM,488026,T. t. paitana,Mainland Borneo,6,116.6833333,,f,57.66,55.82,32.59,20.72,36.91,19.21,21.91,16.24,27.77,21.27,62.38,56.22,45.2,33.41,14,10.17,3.62,46.31,30.68
USNM,488027,T. t. paitana,Mainland Borneo,6,116.6833333,,f,55.01,53.71,32.1,21.3,34.82,19,19.59,15.34,26.4,20.9,59.7,53.96,43.15,31.4,13.94,9,3.51,43.86,30.01
USNM,488028,T. t. paitana,Mainland Borneo,6,116.6833333,,m,56.42,54.68,32.72,20.07,35.52,19.47,20.54,15.31,27.51,20.42,60.32,55.19,44.12,31.7,13.83,9.89,3.98,44.06,29.37
USNM,488029,T. t. paitana,Mainland Borneo,6.016666667,116.8666667,,m,56.39,54.55,30.81,20.61,34.85,18.35,19.85,14.79,26.52,20.57,59.44,55.52,43.04,31.34,14.25,9.08,3.35,44.64,29.26
USNM,488030,T. t. paitana,Mainland Borneo,6,116.6833333,,m,57.96,56.28,33.49,22.1,36.85,19.98,19.85,14.6,,20.46,62.12,56.37,45,33.2,14.49,9.89,3.52,46.95,31.38
USNM,488031,T. t. paitana,Mainland Borneo,6.016666667,116.8666667,,m,56.01,54.55,31.53,20.1,34.96,18.64,21.08,16.56,27.58,20.28,60.08,54.24,44.03,32.07,13.74,10.45,3.86,45.69,29.89
USNM,488032,T. t. paitana,Mainland Borneo,6.033333333,116.7166667,,m,53.5,51.69,30.88,20.25,33.37,18.52,20.93,16.18,26.99,20.88,57.92,53.2,42.31,31.02,13.81,9.07,3.62,42.84,28.9
USNM,488033,T. t. paitana,Mainland Borneo,6.016666667,116.8666667,,m,57.08,55.42,32.38,21.34,36.26,18.38,20.32,15.98,27.85,20.68,62.17,56.31,44.82,32.53,15.33,10.56,3.97,45.79,30.16
USNM,488035,T. t. paitana,Mainland Borneo,6.016666667,116.8666667,,f,53.52,52.41,30.66,19.94,34.21,18.42,20.16,15.41,27.19,19.87,58.24,52.49,41.97,30.11,13.84,10.78,3.76,43.07,28.39
USNM,488037,T. t. paitana,Mainland Borneo,6,116.6833333,,f,54.75,53.01,30.97,20.3,34.63,19.43,20.83,15.66,27.27,20.67,59.09,53.7,43.05,31.22,13.5,9.72,3.58,44.21,29.44
USNM,488039,T. t. paitana,Mainland Borneo,6.016666667,116.8666667,,m,53.18,52.28,30.3,20.08,33.15,17.68,20.59,16.03,25.71,20.25,57.6,52.46,41.5,29.6,13.21,9.55,3.4,42.78,28.51
USNM,488040,T. t. paitana,Mainland Borneo,6,116.6833333,,f,54.08,52.31,29.92,20.13,34.13,18.28,20.48,15.31,28.02,20.91,58.42,53.14,42.42,30.39,14.06,10.29,3.92,43.53,28.58
USNM,488043,T. t. paitana,Mainland Borneo,6.016666667,116.8666667,,f,51.17,,,19.5,31.74,18.25,20.52,15.37,26.68,20.78,55.45,50.19,40.09,28.8,13.35,10.09,3.62,41.16,27.56
USNM,488046,T. t. paitana,Mainland Borneo,6,116.6833333,,f,53.97,53.11,32.29,20.61,35.19,18.46,20.8,16.25,27.37,20.84,57.79,53.34,42.7,30.8,13.36,10.21,3.87,43.22,29.79
USNM,488047,T. t. paitana,Mainland Borneo,6,116.6833333,,m,55.46,54.28,31.66,20.92,34.35,19.22,20.12,16.21,27.66,19.23,59.58,54.69,42.74,30.32,13.84,10.25,3.97,44.56,30
USNM,488049,T. t. paitana,Mainland Borneo,6.116666667,116.8,,m,56.18,55.18,31.65,21.33,35.18,18.21,21.69,16.25,27.69,19.81,60.35,55.85,44.19,32.78,13.35,10.74,4.31,45.5,29.93
USNM,488050,T. t. paitana,Mainland Borneo,6.016666667,116.8666667,,m,54.24,53.05,31.31,20.6,33.76,17.75,20.07,15.79,27.7,20.58,58.26,52.72,42.04,29.87,14.46,9.26,3.71,43.95,29.4
USNM,488051,T. t. paitana,Mainland Borneo,6,116.6833333,,m,,,,21.17,,17.94,21.16,15.01,27.49,21.16,,,,,13.92,9.42,3.38,44.1,29.45
USNM,104712,T. t. sirhassenensis,Offshore Islands,2.5,109.05,type,m,51.39,50.38,29.86,19.94,31.92,17.95,18.84,14.3,25.14,19.05,54.63,49.67,39.52,28.49,13.39,9.43,3.31,41.52,28.3
USNM,104711,T. t. sirhassenensis,Offshore Islands,2.5,109.05,,f,53.53,52.31,31.29,20.78,33.66,17.34,19.31,14.36,25.87,18.96,57.73,51.59,41.91,30.23,13.14,9.97,3.74,43.22,29.67
USNM,104713,T. t. sirhassenensis,Offshore Islands,2.5,109.05,,f,52.23,51.13,30.44,19.91,32.96,17.32,19.23,13.67,25.2,,56.05,50.28,40.65,29.7,12.92,9.29,3.51,42.41,28.83
BMNH,94.9284,T. t. sirhassenensis,Offshore Islands,2.5,109.05,,m,,,30,20.17,32.27,,19.3,13.9,25.66,19.25,,,39.34,28.31,,9.7,3.63,40.82,28.56
BMNH,95.3214,T. t. tana,Mainland Sumatra,-3.751694444,102.3601944,type,,,,30.4,20.51,,,17.9,,,,,,,,,8.9,3.23,42.84,29.17
USNM,145574,T. t. tana,Mainland Borneo,-1.05,110.1,,f,55.71,54.5,30.27,20.11,34.48,19.11,19.85,14.58,25.49,20.71,59.7,,43.32,31.31,14.42,9.61,3.21,44.62,
USNM,151885,T. t. tana,Mainland Borneo,-3,116.2,,f,54.69,52.59,30.76,19.96,33.96,18.31,,15.05,26.07,,58.44,53.35,42.47,31.19,13.97,9.8,3.58,44.28,
USNM,154340,T. t. tana,Mainland Borneo,-1.25,116.7166667,,f,54.77,53.32,30.92,19.89,34.12,18.73,19.96,15.38,26.67,20.55,58.25,52.89,42.78,31.08,14.47,9.47,3.63,43.43,28.99
USNM,154341,T. t. tana,Mainland Borneo,-2.55,116.4166667,,m,53.45,52.4,30.27,19.46,33.41,18.57,20.36,15.73,26.71,19.6,57.15,52.17,41.51,30.12,13.62,9.22,3.45,42.85,28.45
USNM,174612,T. t. tana,Mainland Sumatra,-3.75,98.73333333,,sex unknown,53.44,51.7,30.02,19.94,33.4,18.67,19.76,14.8,24.91,19.99,58.5,51.96,41.96,30.4,14.04,8.68,3.07,42.71,28.83
USNM,176403,T. t. tana,Mainland Borneo,2.183333333,117.4666667,,m,51.52,50.33,29.24,19.54,,18.05,18.77,13.67,24.6,19.12,54.99,50.79,39.99,28.89,13.18,8.69,3.2,40.94,28.11
USNM,176405,T. t. tana,Mainland Borneo,2.183333333,117.4666667,,f,,,,19.56,,17.64,19.04,14.07,,,,50.82,,,12.76,9.1,3.06,41.51,
USNM,176406,T. t. tana,Mainland Borneo,2.183333333,117.4666667,,m,54.08,53.09,31.08,20.62,33.76,17.78,20.15,14.92,26.51,19.37,58.23,53.18,42.58,30.3,13.9,9.85,3.73,43.32,
USNM,176407,T. t. tana,Mainland Borneo,2.183333333,117.4666667,,f,,,30.72,19.98,34.06,,19.31,13.96,24.82,,56.79,,42.3,30.24,,9.37,3.32,42.62,29.23
USNM,176408,T. t. tana,Mainland Borneo,2.166666667,117.5,,m,54.94,,,20.97,34.65,,20.56,15.78,26.62,19.67,60.3,53.24,43.65,31.8,13.91,9.21,3.26,,
USNM,176409,T. t. tana,Mainland Borneo,2.166666667,117.5,,f,,,,20.42,,17.13,20.47,15.22,25.57,20.2,,,,,14.04,8.45,3.33,,
USNM,176410,T. t. tana,Mainland Borneo,2.166666667,117.5,,f,54.35,53.33,30.8,20.13,34.06,19.32,21.2,16.55,27.09,20.67,58.67,52.82,42.42,30.6,13.89,9.68,3.53,43.89,28.5
USNM,176411,T. t. tana,Mainland Borneo,1.6,118.2,,f,52.31,51.09,29.54,18.86,32.28,18.59,20.13,14.9,25.52,20.47,57.01,,40.72,29.25,13.93,8.91,3.11,41.13,27.79
USNM,176412,T. t. tana,Mainland Borneo,-1.666666667,118.1666667,,m,54.44,53.03,30.36,19.53,33.54,18.82,20.53,14.5,26.41,,59.05,53.26,41.74,30.51,14.32,9.51,3.66,43.41,28.44
USNM,197199,T. t. tana,Mainland Borneo,0.8,117.9166667,,m,,,30.59,19.6,,,,,,,,,41.87,,,,,,
USNM,197200,T. t. tana,Mainland Borneo,0.8,117.9166667,,f,54.39,53.11,30.68,20.53,34.33,18.21,20.59,16.19,26.27,19.9,58.64,52.7,42.86,31.08,13.9,9.66,3.4,44.24,29.25
USNM,197201,T. t. tana,Mainland Borneo,0.816666667,117.7,,f,,,,,33.66,,20.23,,25.94,,57.32,,41.66,30.08,,,,,28.98
USNM,198045,T. t. tana,Mainland Borneo,1.1,117.9,,m,52.87,51.23,29.84,20.15,32.94,17.8,19.84,14.69,25.37,19.65,56.55,51.89,41.54,29.98,13.14,8.96,3.21,41.78,28.18
USNM,198046,T. t. tana,Mainland Borneo,1.1,117.9,,m,52.67,51.72,30.22,19.49,33.04,17.56,19.14,14.26,25.41,19.3,56.57,50.75,41.06,29.58,13.43,9.63,3.25,42.14,28.1
USNM,198047,T. t. tana,Mainland Borneo,1.1,117.9,,m,54.56,53.24,31.56,20.31,34.75,17.84,20.65,14.51,26.02,20.24,58.61,53.32,43.24,31.84,13.16,9.98,3.44,44.16,29.67
USNM,198048,T. t. tana,Mainland Borneo,1.1,117.9,,m,52.65,51.87,30.68,20.29,33.13,17.48,,15.6,25.24,19.58,,51.35,40.79,29.27,,9.63,3.33,42.45,28.81
USNM,198049,T. t. tana,Mainland Borneo,1.183333333,117.9166667,,f,51.89,50.4,29.82,19.78,32.66,18.15,19.73,15.11,25.28,20.35,56.24,50.46,41.12,29.94,13.59,8.81,3.29,41.39,28.41
USNM,199158,T. t. tana,Mainland Borneo,0.5,117.15,,f,51.95,50.64,29.77,19.3,32.6,18.25,19.45,14.59,24.78,,55.78,50.44,40.83,29.39,13.28,8.9,2.57,41.75,28.53
AMNH,106483,T. t. tana,Mainland Sumatra,-3.229027778,102.55175,,m,53.52,51.65,29.6,19.86,33.68,18.16,20.48,15.07,25.84,19.69,58.58,,42.21,30.84,13.67,9.34,3.15,43.31,28.45
AMNH,106485,T. t. tana,Mainland Sumatra,-3.229027778,102.55175,,f,55.92,54.02,31.22,19.92,35.41,18.74,19.58,14.76,24.8,20.12,60.45,54.29,43.89,32.57,13.66,9.37,2.93,45.09,30.16
AMNH,103409,T. t. tana,Mainland Borneo,2.716666667,117.2166667,,m,55.63,54.14,,,35.09,19.95,20.08,14.85,25.91,20.3,60.38,53.46,43.11,32,13.86,8.76,3.38,43.94,30.11
AMNH,103410,T. t. tana,Mainland Borneo,2.716666667,117.2166667,,f,54.89,53.55,30.63,19.97,34.44,19.44,21.02,15.63,27.27,20.63,59.4,52.17,42.75,31.77,13.77,9.17,3.53,43.47,29.24
AMNH,103411,T. t. tana,Mainland Borneo,2.716666667,117.2166667,,m,54.89,53.47,31.31,19.61,34.51,18.65,,14.86,26.17,20.53,59.5,54.5,42.91,31.43,13.98,9.21,3.4,43.62,
AMNH,102511,T. t. tana,Mainland Sumatra,-2.97925,104.7690556,,m,54.76,53.23,31.25,19.91,34.45,17.85,20,15.82,24.8,20.16,59.7,53.5,43.4,31.79,13.16,8.79,3.14,43.81,30.06
AMNH,102515,T. t. tana,Mainland Sumatra,-2.97925,104.7690556,,f,53.68,51.88,30.17,19.53,33.97,18.82,20.16,15.17,26.09,20.01,58.04,52.34,42.16,30.51,13.4,9.41,3.42,43.36,28.96
AMNH,102516,T. t. tana,Mainland Sumatra,-2.97925,104.7690556,,f,52.76,51.42,29.66,19.75,32.7,17.85,19.22,14.52,23.79,18.88,56.97,,40.9,29.65,13.41,8.81,2.99,42.25,28.15
AMNH,102517,T. t. tana,Mainland Sumatra,-2.97925,104.7690556,,f,,47.93,26.39,19.6,,18.06,18.78,13.59,24.22,19.48,,50.46,,,13.87,8.58,3.08,41.49,28.14
AMNH,102519,T. t. tana,Mainland Sumatra,-2.97925,104.7690556,,m,51.31,50.29,29.36,19.51,31.67,18.53,19.48,14.78,24.78,20.05,55.34,49.98,39.94,28.71,13.31,8.75,3.03,41.24,28
AMNH,102523,T. t. tana,Mainland Sumatra,-2.97925,104.7690556,,m,54.88,53.48,31.44,20.03,34.7,18.56,20.64,15.26,24.82,20.43,59.82,53.13,43.25,31.75,13.34,8.97,2.67,43.57,29.68
AMNH,102525,T. t. tana,Mainland Sumatra,-2.97925,104.7690556,,f,51.99,50.64,29.52,19.23,32.69,18.2,18.97,13.82,,20.11,56.84,50.77,40.74,29.25,13.55,9.49,2.86,,
AMNH,106103,T. t. tana,Mainland Borneo,-1.833333333,111.9,,f,53.64,51.96,29.45,18.91,33.65,18.32,20.43,14.32,25.06,,57.73,52.4,42.03,30.76,12.9,8.64,3.3,43.27,28.02
AMNH,106477,T. t. tana,Mainland Sumatra,-3.229027778,102.55175,,m,52.65,51.34,30.21,19.49,32.92,18.35,19.19,13.88,24.92,20.05,57.33,50.76,41.4,29.57,13.81,8.69,3.01,42.54,28.6
AMNH,106479,T. t. tana,Mainland Sumatra,-3.229027778,102.55175,,m,57.25,55.65,32.47,21.25,36.26,18.39,20.8,15.8,26.05,20.33,61.56,54.98,45.41,33.38,13.34,9.18,3.29,46.59,31.11
AMNH,106481,T. t. tana,Mainland Sumatra,-3.229027778,102.55175,,f,55.23,53.54,31.97,20.36,35.32,18.37,20.56,15.38,25.61,20.86,59.91,53.64,43.35,31.81,13.55,8.81,2.84,44.57,29.8
AMNH,106482,T. t. tana,Mainland Sumatra,-3.229027778,102.55175,,f,55.28,53.66,31.11,20.13,34.94,18.95,20.32,14.98,25.62,20.97,59.57,54.08,42.93,31.37,13.67,8.72,3.1,44.59,29.85
AMNH,106486,T. t. tana,Mainland Sumatra,-3.229027778,102.55175,,m,53.86,52.28,30.45,20.09,33.8,18.47,19.62,15.02,24.99,20.41,59.29,52.92,42.07,30.4,13.23,7.97,2.78,43.44,31.46
AMNH,106488,T. t. tana,Mainland Sumatra,-3.229027778,102.55175,,m,54.76,53.06,30.82,20.92,34.47,18.54,20.17,14.77,25.03,20.06,59.34,54.24,43.14,31.69,13.62,9.41,3.22,44.18,29.67
AMNH,106489,T. t. tana,Mainland Sumatra,-3.229027778,102.55175,,f,55.56,53.35,32.08,21.34,35.46,17.96,19.62,14.73,25.33,20.33,58.89,54.33,43.51,32.04,13.27,8.94,3.59,44.64,30.81
AMNH,106490,T. t. tana,Mainland Sumatra,-3.229027778,102.55175,,m,55.2,53.51,30.77,20.31,34.42,18.22,19.89,15.13,25.17,20.52,60.28,53.83,43.44,31.55,13.37,8.81,3.11,44.36,29.44
AMNH,106491,T. t. tana,Mainland Sumatra,-3.229027778,102.55175,,f,56.23,54.96,31.85,21.23,35.11,19.06,19.77,15.3,25.25,20.65,61.67,54.8,44.06,32.82,14.27,9.12,3.01,44.8,29.38
AMNH,106476,T. t. tana,Mainland Sumatra,-5.114833333,104.9280278,,f,52.15,50.6,29.28,19.07,32.45,17.63,17.61,13.23,22.68,19.63,56.15,51,40.03,28.65,13.26,8.49,2.79,41.3,27.7
AMNH,106478,T. t. tana,Mainland Sumatra,-5.114833333,104.9280278,,f,55.53,53.69,31.19,19.75,35.12,19.3,20.21,14.78,25.69,20.95,59.93,53.33,43.87,32.14,13.74,8.51,3.23,44.32,29.71
AMNH,103891,T. t. tana,Mainland Borneo,2.783333333,116.5833333,,f,52.53,51.32,29.54,19.72,32.5,18.98,20.42,14.67,25.68,20.62,56.65,51.22,40.68,29.68,13.69,9.28,3.31,41.93,27.9
AMNH,103895,T. t. tana,Mainland Borneo,2.783333333,116.5833333,,m,53.8,52.09,,,34.02,18.28,20.05,14.42,25.85,19.99,57.53,53.79,42.56,30.83,13.86,8.81,3.27,42.43,
AMNH,102829,T. t. tana,Mainland Sumatra,-4.942444444,104.9441111,,m,52.2,51.09,29.29,19.23,32.03,18.39,18.77,14.51,24.78,20.38,56.25,51.41,40.23,28.95,13.53,8.83,2.81,42.27,27.97
AMNH,102830,T. t. tana,Mainland Sumatra,-4.942444444,104.9441111,,f,51.93,50.7,29.33,19.78,31.88,18.09,,,24.73,19.8,56.32,50.17,40.3,,13.54,9.08,3.06,41.84,27.78
AMNH,102831,T. t. tana,Mainland Sumatra,-4.942444444,104.9441111,,m,53.78,52.44,30.38,20.17,33.42,17.9,20.16,14.65,24.8,19.83,58.19,52.75,42.06,30.52,13.78,9.49,3.11,43.39,28.96
AMNH,102832,T. t. tana,Mainland Sumatra,-4.942444444,104.9441111,,m,53.18,51.62,29.86,19.78,33.05,17.92,19.24,14.35,24.49,19.65,57.81,52.3,41.25,30.14,13.48,8.67,3.02,42.46,28.61
AMNH,102833,T. t. tana,Mainland Sumatra,-4.942444444,104.9441111,,f,52.52,51.19,29.74,19.6,32.47,18.44,19.81,14.93,24.97,20.43,56.57,50.79,41.05,29.66,13.73,9.01,3.17,42.11,28.3
AMNH,102834,T. t. tana,Mainland Sumatra,-4.942444444,104.9441111,,f,52.96,52.47,29.77,19.86,32.83,18.2,19.33,14.92,24.94,19.88,57.22,51.2,41.39,29.95,13.18,8.33,3.11,42.16,28.25
AMNH,102835,T. t. tana,Mainland Sumatra,-4.942444444,104.9441111,,m,52.43,50.94,29.3,19.16,32.65,17.65,19.85,14.81,25.15,20.13,56.21,51.3,40.88,29.3,13.43,8.34,3.18,41.71,27.45
AMNH,102836,T. t. tana,Mainland Sumatra,-4.942444444,104.9441111,,f,52.74,51.51,29.76,19.49,32.39,18.3,19.97,15.1,25.41,20.11,56.76,50.83,40.97,29.83,13.33,9.17,2.9,42.1,27.96
AMNH,102838,T. t. tana,Mainland Sumatra,-4.942444444,104.9441111,,m,53.35,51.66,29.82,19.78,33.33,17.82,19.79,15,24.39,19.27,57.47,51.02,41.48,30.16,13.63,8.94,3.08,42.47,28.16
AMNH,102839,T. t. tana,Mainland Sumatra,-4.942444444,104.9441111,,f,52.95,51.28,29.72,18.94,33.3,17.95,19.17,14.42,24.65,19.9,56.7,51.33,41.44,29.63,12.99,8.34,3.11,42.24,27.8
AMNH,102840,T. t. tana,Mainland Sumatra,-4.942444444,104.9441111,,m,52.85,51.33,29.43,19.24,32.31,18.31,,14.2,25.74,20.06,56.63,51,40.82,,13.9,9.14,3.26,41.21,27.2
AMNH,102841,T. t. tana,Mainland Sumatra,-4.942444444,104.9441111,,f,51.51,49.89,28.92,19.12,31.72,17.42,19.27,14.27,24.57,19.12,56.07,50.05,40.31,29.18,13.04,8.42,3.14,,
AMNH,102842,T. t. tana,Mainland Sumatra,-4.942444444,104.9441111,,m,52.25,50.92,29.61,19.28,32.26,17.94,18.81,14.45,24.3,19.97,56.55,50.68,41.22,28.93,13.14,9.22,2.94,41.95,27.87
AMNH,102843,T. t. tana,Mainland Sumatra,-4.942444444,104.9441111,,f,53.24,51.61,30.28,19.78,32.81,18.06,19.85,14.43,24.27,19.51,57.3,50.96,41.6,30.48,14.18,9.05,3.04,42.48,28.63
AMNH,102164,T. t. tana,Mainland Sumatra,-3.3,102.8666667,,f,,,30.81,20.05,34.62,,,,,,,,,,,,,,
AMNH,102853,T. t. tana,Mainland Sumatra,-5.668444444,105.5828333,,f,53.21,51.8,29.95,19.81,32.98,18.43,19.4,15.36,24.93,20.24,57.52,51.85,41.42,29.62,13.49,9.24,3.27,42.55,28.33
AMNH,102854,T. t. tana,Mainland Sumatra,-5.668444444,105.5828333,,m,50.94,49.77,28.78,19.16,31.26,17.64,19.13,14.41,23.87,19.47,54.7,49.42,39.54,28.44,13.22,8.21,2.82,40.96,27.83
BMNH,19.11513,T. t. tana,Mainland Sumatra,-2.166666667,101.4333333,,m,55.64,53.6,31.77,20.59,35.66,18.48,19.96,14.31,25.46,20.56,61.52,54.4,44.65,32.89,14.23,8.68,3.2,44.68,30.44
BMNH,19.11514,T. t. tana,Mainland Sumatra,-2.166666667,101.4333333,,m,54.54,52.58,30.26,19.75,34.5,18.26,20.4,15.07,26.18,20.25,59.16,53.29,43.64,31.77,13.89,8.82,3.45,43.9,29.06
BMNH,19.11515,T. t. tana,Mainland Sumatra,-2.166666667,101.4333333,,m,52.87,51.25,30.26,19.84,33.72,17.88,18.96,15.04,24.05,20.64,57.86,51.94,42.52,30.74,13.72,8.81,3.01,42.33,28.44
BMNH,19.11516,T. t. tana,Mainland Sumatra,-2.45,101.7166667,,f,,,31.36,20.7,35.24,,,,,,,,,31.97,,8.76,3.17,44.68,29.9
BMNH,79.62814,T. t. tana,Mainland Sumatra,-9.05,118.7833333,,sex unknown,,,31.7,20.75,35.39,,20.66,15.18,26.52,,,,44.86,32.75,,9.35,3.02,44.65,30.04
BMNH,81.3154,T. t. tana,Mainland Sumatra,-4.933333333,105.6833333,,m,,,29.76,19.85,,18.11,,15.17,,20.26,,,,,13.23,,,,
BMNH,79.722,T. t. tana,Mainland Sumatra,-3.751694444,102.3601944,,sex unknown,58.48,56.06,32.79,21.91,37.35,18.38,21.71,15.51,27.27,20.43,62.49,56.55,46.13,34.07,14.47,10.03,3.58,45.34,30.07
BMNH,77.341,T. t. tana,Mainland Sumatra,-3.751694444,102.3601944,,sex unknown,,,30.4,19.98,33.63,,20.14,14.45,24.93,19.51,57.73,,42,30.44,,9.53,3.3,41.9,28.74
BMNH,81.3153,T. t. tana,Mainland Sumatra,-4.933333333,105.6833333,,m,,,29.71,19.48,,17.8,19.68,14.44,24.74,19.78,,,,,,8.55,3.11,42.32,27.83
USNM,114412,T. t. tuancus,Offshore Islands,2.141611111,97.28769444,type,m,52.83,51.49,,,32.73,17.74,20.14,15.34,26.48,20.59,57.63,51.72,41.45,29.79,14.11,9.65,3.93,42.84,27.77
USNM,114413,T. t. tuancus,Offshore Islands,2.166666667,97.26666667,,f,53.16,51.25,,,33.2,18.16,19.82,15.37,25.67,20.82,58.24,,41.67,29.81,13.77,9.18,3.39,42.18,
BMNH,99.1295,T. t. utara,Mainland Borneo,3.55,114.25,type,m,,,32.41,21.48,35.73,,21.13,15.45,,,,,,32.97,13.11,8.76,3.85,45.35,30.22
FMNH,88591,T. t. utara,Mainland Borneo,1.867416667,113.0258056,,m,54.26,,,20.02,33.66,17.98,19.83,14.94,26.4,20.36,58.64,52.7,43.13,30.68,13.59,9.56,3.68,45.14,
USNM,19187,T. t. utara,Mainland Borneo,5.683333333,118.3833333,,m,56.92,,,21.19,35.34,19.21,21.44,15.86,28.23,21.05,60.3,55.07,43.95,31.68,14.2,9.77,3.24,,
USNM,19202,T. t. utara,Mainland Borneo,5.65,118.1166667,,m,,,31.58,21.32,35.26,,20.5,14.58,,,,,,31.28,,,,,
USNM,19224,T. t. utara,Mainland Borneo,5.5,117,,sex unknown,,,30.88,20.41,33.56,,,14.69,,,,,41.41,,,,,,
USNM,83938,T. t. utara,Mainland Borneo,4.6,113.9666667,,f,,,32.57,20.91,36.17,,20.92,15.43,27.51,,61.6,55.99,,33,14.54,10.11,3.94,46.51,30.87
USNM,311454,T. t. utara,Mainland Borneo,1.05,111.85,,f,,,,,37.01,,21.56,16.13,,20.66,,,44.84,33.06,,9.61,3.82,46.88,31.59
USNM,311455,T. t. utara,Mainland Borneo,2.016666667,112.9333333,,f,56.74,,,20.82,36.33,17.5,20.05,14.67,26.55,19.6,60.81,54.72,44.89,32.61,13.75,8.98,3.47,,
USNM,311456,T. t. utara,Mainland Borneo,2.016666667,112.9333333,,m,55.19,,,,35.29,17.71,21.74,15.57,27.53,21.06,59.82,53.05,43.78,31.91,14.27,9.98,3.96,,
USNM,34943,T. t. utara,Mainland Borneo,5.5,117,,sex unknown,55.86,54.04,31.95,21.65,35.54,18.42,19.96,15.37,26.33,20.44,59.99,54.63,43.72,32.13,14.22,10.19,3.64,44.64,30.19
BMNH,55.696,T. t. utara,Mainland Borneo,3.55,114.25,,f,53.73,52.06,30.35,19.47,33.74,18.01,20.27,14.54,25.92,20.28,58.25,52.88,42.11,30.11,13.68,9.02,3.5,42.65,28.78
BMNH,55.695,T. t. utara,Mainland Borneo,3.55,114.25,,m,,55.54,32.05,21.92,,18.4,20.46,15.56,26.15,20.53,,,,,13.95,9.49,3.57,45.06,30.64
MCZ,8726,T. t. utara,Mainland Borneo,,,,m,,,32.89,22.02,36.02,,,,28.08,20.69,61.89,,44.91,32.74,,9.71,3.67,46.29,31.52
BMNH,71.2589,T. t. utara,Mainland Borneo,4.683333333,117.8166667,,f,53.75,52.53,31.5,20.91,34.25,18.86,19.81,14.91,26.04,19.91,58.64,52.76,42.16,30.53,13.18,10.05,3.51,43.5,29.47
BMNH,71.259,T. t. utara,Mainland Borneo,4.683333333,117.8166667,,m,56.27,54.62,33.12,21.72,37.04,18.28,19.95,15.91,26.64,19.59,61.09,55.51,44.66,32.81,14.11,9.88,3.96,44.96,30.7
BMNH,71.2592,T. t. utara,Mainland Borneo,4.683333333,117.8166667,,m,54.16,52.68,30.44,20.68,33.67,,20.83,15.45,27.25,20.13,59.04,52.43,42.52,30.49,14.39,10.14,3.78,43.5,
BMNH,71.2594,T. t. utara,Mainland Borneo,4.7,118.0333333,,f,54.14,,,21.21,34.45,18.3,19.14,14.21,25.92,20.44,58.29,52.08,42.45,30.6,13.45,9.28,3.58,43.79,29.86
BMNH,71.2598,T. t. utara,Mainland Borneo,4.7,118.0333333,,m,57.34,55.75,32.92,21.01,36.83,18.9,20.69,15.38,27.91,20.78,61.29,55.08,44.63,32.55,13.8,10.79,4.16,45.94,30.68
BMNH,71.2599,T. t. utara,Mainland Borneo,4.7,118.0333333,,m,53.97,52.64,30.66,20.9,33.45,17.59,20,15.02,27.52,19.85,58.67,53.06,41.93,29.81,13.54,9.55,3.96,42.42,28.4
BMNH,71.26,T. t. utara,Mainland Borneo,4.7,118.0333333,,f,54.18,52.77,32.1,22.01,35.27,18.15,19.27,14.15,26.53,20.04,58.86,51.66,42.43,30.73,13.95,9.66,3.64,44.06,30.71
BMNH,71.2601,T. t. utara,Mainland Borneo,4.7,118.0333333,,f,55.64,53.83,32.53,21.53,35.42,19.02,19.7,15.29,26.59,20.81,58.86,53.25,43.16,31.56,13.69,10.09,3.79,44.34,30.45
BMNH,71.2602,T. t. utara,Mainland Borneo,1.527888889,110.3411111,,f,57.17,55.24,32.18,21.18,35.61,18.38,19.56,15.08,27.04,20.53,61.48,56.7,44.11,31.83,13.99,9.3,3.86,45.8,30.33
BMNH,71.2604,T. t. utara,Mainland Borneo,5.583333333,116.25,,f,56.07,,,,36.33,18.28,18.98,13.84,26.26,20.32,59.68,54.77,44.18,32.1,13.26,,,,
BMNH,71.2605,T. t. utara,Mainland Borneo,4.7,118.0333333,,f,56.78,55.42,32.19,20.83,35.21,18.87,21.25,15.87,28.84,20.62,61.48,55.21,44.78,33.11,14.6,10.69,4.13,46.52,
BMNH,71.2606,T. t. utara,Mainland Borneo,4.7,118.0333333,,f,55.69,53.75,30.46,20.29,35.19,18.51,19.85,15.46,26.31,21.44,60.1,53.68,43.38,31.72,13.66,9.86,3.38,,
BMNH,10.4574,T. t. utara,Mainland Borneo,-3.65,115.4,,m,51.8,50.67,,,32.2,17.34,19.22,14.5,24.75,19.39,55.75,50.54,40.36,29.3,13.23,9.13,3.55,41.34,27.86
BMNH,90.6252,T. t. utara,Mainland Borneo,1.2,110.3666667,,sex unknown,,,34.21,22.51,37.97,,20.73,15.67,27.85,20.89,,,47.07,35.07,,10.21,3.62,47.95,32.22
BMNH,92.274,T. t. utara,Mainland Borneo,3.55,114.25,,m,,,31.45,20.26,34.75,,19.72,15.05,26.94,21.01,59.39,,43.28,31.6,,8.69,3.53,43.87,29.54
BMNH,94.621,T. t. utara,Mainland Borneo,4.046666667,114.9297222,,m,60.18,58.51,34.79,22.14,38.09,19.57,21.89,16.48,28.85,21.33,65.68,58.45,48.14,35.72,14.86,10.26,4.23,48.11,32.71